,Area,Size,Rent,Manhattan,Queens,Brooklyn,Bronx,Staten Island,Studio,One Bedroom,Two Bedrooms,Three Bedrooms,One Bathrooms,Two Bathrooms,Three Bathrooms,Four Bathrooms
0,0,555,2875,1,0,0,0,0,0,0,0,0,0,0,0,0
1,1,532,2595,1,0,0,0,0,0,0,0,0,0,0,0,0
2,2,500,2100,1,0,0,0,0,0,0,0,0,0,0,0,0
3,3,412,1795,1,0,0,0,0,0,0,0,0,0,0,0,0
4,4,490,2249,1,0,0,0,0,0,0,0,0,0,0,0,0
5,5,650,3360,1,0,0,0,0,0,0,0,0,0,0,0,0
6,6,590,2875,1,0,0,0,0,0,0,0,0,0,0,0,0
7,7,440,1799,1,0,0,0,0,0,0,0,0,0,0,0,0
8,8,550,2800,1,0,0,0,0,0,0,0,0,0,0,0,0
9,9,412,1800,1,0,0,0,0,0,0,0,0,0,0,0,0
10,10,470,2250,1,0,0,0,0,0,0,0,0,0,0,0,0
11,11,665,3600,1,0,0,0,0,0,0,0,0,0,0,0,0
12,12,632,3095,1,0,0,0,0,0,0,0,0,0,0,0,0
13,13,627,2875,1,0,0,0,0,0,0,0,0,0,0,0,0
14,14,420,1773,1,0,0,0,0,0,0,0,0,0,0,0,0
15,15,500,2750,1,0,0,0,0,0,0,0,0,0,0,0,0
16,16,412,1971,1,0,0,0,0,0,0,0,0,0,0,0,0
17,17,480,2150,1,0,0,0,0,0,0,0,0,0,0,0,0
18,18,590,2450,1,0,0,0,0,0,0,0,0,0,0,0,0
19,19,430,1922,1,0,0,0,0,0,0,0,0,0,0,0,0
20,1,499,2891,1,0,0,0,0,0,0,0,0,0,0,0,0
21,20,475,2462,1,0,0,0,0,0,0,0,0,0,0,0,0
22,21,476,2700,1,0,0,0,0,0,0,0,0,0,0,0,0
23,22,466,2667,1,0,0,0,0,0,0,0,0,0,0,0,0
24,23,480,2295,1,0,0,0,0,0,0,0,0,0,0,0,0
25,24,450,2300,1,0,0,0,0,0,0,0,0,0,0,0,0
26,25,440,2875,1,0,0,0,0,0,0,0,0,0,0,0,0
27,26,425,2200,1,0,0,0,0,0,0,0,0,0,0,0,0
28,27,460,2650,1,0,0,0,0,0,0,0,0,0,0,0,0
29,28,680,2675,1,0,0,0,0,0,0,0,0,0,0,0,0
30,2,624,2100,1,0,0,0,0,0,0,0,0,0,0,0,0
31,4,690,2249,1,0,0,0,0,0,0,0,0,0,0,0,0
32,29,624,1675,1,0,0,0,0,0,0,0,0,0,0,0,0
33,30,675,2800,1,0,0,0,0,0,0,0,0,0,0,0,0
34,31,660,1870,0,1,0,0,0,0,0,0,0,0,0,0,0
35,32,612,1500,0,1,0,0,0,0,0,0,0,0,0,0,0
36,33,624,1651,0,1,0,0,0,0,0,0,0,0,0,0,0
37,34,630,1475,0,1,0,0,0,0,0,0,0,0,0,0,0
38,35,612,1642,0,1,0,0,0,0,0,0,0,0,0,0,0
39,36,590,1750,0,1,0,0,0,0,0,0,0,0,0,0,0
40,37,660,1550,0,1,0,0,0,0,0,0,0,0,0,0,0
41,38,652,1525,0,1,0,0,0,0,0,0,0,0,0,0,0
42,39,750,2538,0,1,0,0,0,0,0,0,0,0,0,0,0
43,40,612,1600,0,1,0,0,0,0,0,0,0,0,0,0,0
44,41,640,1828,0,1,0,0,0,0,0,0,0,0,0,0,0
45,42,660,1500,0,1,0,0,0,0,0,0,0,0,0,0,0
46,43,630,1550,0,1,0,0,0,0,0,0,0,0,0,0,0
47,44,620,1595,0,1,0,0,0,0,0,0,0,0,0,0,0
48,45,630,1595,0,1,0,0,0,0,0,0,0,0,0,0,0
49,46,650,2300,0,1,0,0,0,0,0,0,0,0,0,0,0
50,47,635,1500,0,1,0,0,0,0,0,0,0,0,0,0,0
51,48,622,1575,0,1,0,0,0,0,0,0,0,0,0,0,0
52,49,590,2483,0,0,1,0,0,0,0,0,0,0,0,0,0
53,50,624,2000,0,0,1,0,0,0,0,0,0,0,0,0,0
54,51,634,1600,0,0,1,0,0,0,0,0,0,0,0,0,0
55,52,623,1592,0,0,1,0,0,0,0,0,0,0,0,0,0
56,53,550,1995,0,0,1,0,0,0,0,0,0,0,0,0,0
57,54,500,1765,0,0,1,0,0,0,0,0,0,0,0,0,0
58,55,650,2100,0,0,1,0,0,0,0,0,0,0,0,0,0
59,56,625,1450,0,0,1,0,0,0,0,0,0,0,0,0,0
60,57,490,1800,0,0,1,0,0,0,0,0,0,0,0,0,0
61,58,580,2100,0,0,1,0,0,0,0,0,0,0,0,0,0
62,59,550,1850,0,0,1,0,0,0,0,0,0,0,0,0,0
63,60,490,1645,0,0,1,0,0,0,0,0,0,0,0,0,0
64,61,500,1925,0,0,1,0,0,0,0,0,0,0,0,0,0
65,62,624,1550,0,0,1,0,0,0,0,0,0,0,0,0,0
66,63,600,2500,0,0,1,0,0,0,0,0,0,0,0,0,0
67,64,623,1595,0,0,1,0,0,0,0,0,0,0,0,0,0
68,65,500,2452,0,0,1,0,0,0,0,0,0,0,0,0,0
69,66,623,1600,0,0,1,0,0,0,0,0,0,0,0,0,0
70,67,624,1375,0,0,1,0,0,0,0,0,0,0,0,0,0
71,68,500,2125,0,0,1,0,0,0,0,0,0,0,0,0,0
72,69,550,2674,0,0,1,0,0,0,0,0,0,0,0,0,0
73,70,580,2504,0,0,1,0,0,0,0,0,0,0,0,0,0
74,71,570,2550,0,0,1,0,0,0,0,0,0,0,0,0,0
75,72,624,1550,0,0,1,0,0,0,0,0,0,0,0,0,0
76,73,624,1620,0,0,1,0,0,0,0,0,0,0,0,0,0
77,74,550,2250,0,0,1,0,0,0,0,0,0,0,0,0,0
78,75,624,1950,0,0,1,0,0,0,0,0,0,0,0,0,0
79,76,624,1700,0,0,1,0,0,0,0,0,0,0,0,0,0
80,77,612,3000,0,0,1,0,0,0,0,0,0,0,0,0,0
81,78,550,1599,0,0,1,0,0,0,0,0,0,0,0,0,0
82,79,612,2655,0,0,1,0,0,0,0,0,0,0,0,0,0
83,80,500,1976,0,0,1,0,0,0,0,0,0,0,0,0,0
84,81,612,1450,0,0,1,0,0,0,0,0,0,0,0,0,0
85,82,580,2150,0,0,1,0,0,0,0,0,0,0,0,0,0
86,83,580,2150,0,0,1,0,0,0,0,0,0,0,0,0,0
87,84,560,2012,0,0,1,0,0,0,0,0,0,0,0,0,0
88,85,612,2650,0,0,1,0,0,0,0,0,0,0,0,0,0
89,86,630,1450,0,0,0,1,0,0,0,0,0,0,0,0,0
90,87,625,1500,0,0,0,1,0,0,0,0,0,0,0,0,0
91,86,630,1450,0,0,0,1,0,0,0,0,0,0,0,0,0
92,87,633,1500,0,0,0,1,0,0,0,0,0,0,0,0,0
93,86,612,1450,0,0,0,1,0,0,0,0,0,0,0,0,0
94,87,590,1500,0,0,0,1,0,0,0,0,0,0,0,0,0
95,87,612,1500,0,0,0,1,0,0,0,0,0,0,0,0,0
96,86,612,1450,0,0,0,1,0,0,0,0,0,0,0,0,0
97,86,612,1450,0,0,0,1,0,0,0,0,0,0,0,0,0
98,87,624,1500,0,0,0,1,0,0,0,0,0,0,0,0,0
99,86,622,1450,0,0,0,1,0,0,0,0,0,0,0,0,0
100,87,622,1500,0,0,0,1,0,0,0,0,0,0,0,0,0
101,86,630,1450,0,0,0,1,0,0,0,0,0,0,0,0,0
102,87,634,1500,0,0,0,1,0,0,0,0,0,0,0,0,0
103,87,632,1500,0,0,0,1,0,0,0,0,0,0,0,0,0
104,86,639,1450,0,0,0,1,0,0,0,0,0,0,0,0,0
105,86,633,1450,0,0,0,1,0,0,0,0,0,0,0,0,0
106,87,638,1500,0,0,0,1,0,0,0,0,0,0,0,0,0
107,86,622,1450,0,0,0,1,0,0,0,0,0,0,0,0,0
108,87,624,1500,0,0,0,1,0,0,0,0,0,0,0,0,0
109,86,612,1450,0,0,0,1,0,0,0,0,0,0,0,0,0
110,87,624,1500,0,0,0,1,0,0,0,0,0,0,0,0,0
111,87,630,1500,0,0,0,1,0,0,0,0,0,0,0,0,0
112,86,620,1450,0,0,0,1,0,0,0,0,0,0,0,0,0
113,88,600,1290,0,0,0,0,1,0,0,0,0,0,0,0,0
114,88,650,1191,0,0,0,0,1,0,0,0,0,0,0,0,0
115,88,632,1392,0,0,0,0,1,0,0,0,0,0,0,0,0
116,88,550,1293,0,0,0,0,1,0,0,0,0,0,0,0,0
117,88,640,994,0,0,0,0,1,0,0,0,0,0,0,0,0
118,88,600,800,0,0,0,0,1,0,0,0,0,0,0,0,0
119,88,640,1252,0,0,0,0,1,0,0,0,0,0,0,0,0
120,88,590,925,0,0,0,0,1,0,0,0,0,0,0,0,0
121,88,585,825,0,0,0,0,1,0,0,0,0,0,0,0,0
122,88,600,1000,0,0,0,0,1,0,0,0,0,0,0,0,0
123,88,612,890,0,0,0,0,1,0,0,0,0,0,0,0,0
124,88,634,999,0,0,0,0,1,0,0,0,0,0,0,0,0
125,88,620,875,0,0,0,0,1,0,0,0,0,0,0,0,0
126,88,640,925,0,0,0,0,1,0,0,0,0,0,0,0,0
127,88,650,912,0,0,0,0,1,0,0,0,0,0,0,0,0
128,88,590,899,0,0,0,0,1,0,0,0,0,0,0,0,0
129,88,585,924,0,0,0,0,1,0,0,0,0,0,0,0,0
130,88,600,1002,0,0,0,0,1,0,0,0,0,0,0,0,0
131,88,590,946,0,0,0,0,1,0,0,0,0,0,0,0,0
132,88,612,966,0,0,0,0,1,0,0,0,0,0,0,0,0
133,88,624,899,0,0,0,0,1,0,0,0,0,0,0,0,0
134,88,594,924,0,0,0,0,1,0,0,0,0,0,0,0,0
135,0,800,3600,1,0,0,0,0,0,1,0,0,0,0,0,0
136,1,750,3550,1,0,0,0,0,0,1,0,0,0,0,0,0
137,2,650,2795,1,0,0,0,0,0,1,0,0,0,0,0,0
138,3,612,1950,1,0,0,0,0,0,1,0,0,0,0,0,0
139,4,724,3149,1,0,0,0,0,0,1,0,0,0,0,0,0
140,52,624,1700,0,0,1,0,0,0,1,0,0,0,0,0,0
141,7,646,2100,1,0,0,0,0,0,1,0,0,0,0,0,0
142,8,712,2975,1,0,0,0,0,0,1,0,0,0,0,0,0
143,6,766,4170,1,0,0,0,0,0,1,0,0,0,0,0,0
144,89,742,2337,1,0,0,0,0,0,1,0,0,0,0,0,0
145,9,690,2097,1,0,0,0,0,0,1,0,0,0,0,0,0
146,10,722,2782,1,0,0,0,0,0,1,0,0,0,0,0,0
147,12,766,3995,1,0,0,0,0,0,1,0,0,0,0,0,0
148,11,762,3635,1,0,0,0,0,0,1,0,0,0,0,0,0
149,13,750,3500,1,0,0,0,0,0,1,0,0,0,0,0,0
150,14,650,1950,1,0,0,0,0,0,1,0,0,0,0,0,0
151,90,612,1750,1,0,0,0,0,0,1,0,0,0,0,0,0
152,15,734,3750,1,0,0,0,0,0,1,0,0,0,0,0,0
153,17,680,2912,1,0,0,0,0,0,1,0,0,0,0,0,0
154,18,712,3150,1,0,0,0,0,0,1,0,0,0,0,0,0
155,19,650,2297,1,0,0,0,0,0,1,0,0,0,0,0,0
156,16,688,2575,1,0,0,0,0,0,1,0,0,0,0,0,0
157,1,700,3695,1,0,0,0,0,0,1,0,0,0,0,0,0
158,20,692,3400,1,0,0,0,0,0,1,0,0,0,0,0,0
159,21,724,3966,1,0,0,0,0,0,1,0,0,0,0,0,0
160,22,712,3542,1,0,0,0,0,0,1,0,0,0,0,0,0
161,23,670,2750,1,0,0,0,0,0,1,0,0,0,0,0,0
162,25,700,3100,1,0,0,0,0,0,1,0,0,0,0,0,0
163,1,650,2550,1,0,0,0,0,0,1,0,0,0,0,0,0
164,26,630,2716,1,0,0,0,0,0,1,0,0,0,0,0,0
165,27,690,3450,1,0,0,0,0,0,1,0,0,0,0,0,0
166,91,712,3635,1,0,0,0,0,0,1,0,0,0,0,0,0
167,28,790,3700,1,0,0,0,0,0,1,0,0,0,0,0,0
168,2,644,2795,1,0,0,0,0,0,1,0,0,0,0,0,0
169,4,676,3149,1,0,0,0,0,0,1,0,0,0,0,0,0
170,29,612,1800,1,0,0,0,0,0,1,0,0,0,0,0,0
171,92,622,2000,1,0,0,0,0,0,1,0,0,0,0,0,0
172,30,650,3895,1,0,0,0,0,0,1,0,0,0,0,0,0
173,5,724,3850,1,0,0,0,0,0,1,0,0,0,0,0,0
174,31,730,1925,0,1,0,0,0,0,1,0,0,0,0,0,0
175,93,612,1425,0,1,0,0,0,0,1,0,0,0,0,0,0
176,94,650,1625,0,1,0,0,0,0,1,0,0,0,0,0,0
177,48,634,1650,0,1,0,0,0,0,1,0,0,0,0,0,0
178,45,700,1850,0,1,0,0,0,0,1,0,0,0,0,0,0
179,47,612,1670,0,1,0,0,0,0,1,0,0,0,0,0,0
180,42,712,1900,0,1,0,0,0,0,1,0,0,0,0,0,0
181,43,675,1725,0,1,0,0,0,0,1,0,0,0,0,0,0
182,44,720,1900,0,1,0,0,0,0,1,0,0,0,0,0,0
183,95,674,1700,0,1,0,0,0,0,1,0,0,0,0,0,0
184,40,684,1780,0,1,0,0,0,0,1,0,0,0,0,0,0
185,41,750,2075,0,1,0,0,0,0,1,0,0,0,0,0,0
186,96,674,1765,0,1,0,0,0,0,1,0,0,0,0,0,0
187,38,675,1750,0,1,0,0,0,0,1,0,0,0,0,0,0
188,97,690,1825,0,1,0,0,0,0,1,0,0,0,0,0,0
189,39,824,3208,0,1,0,0,0,0,1,0,0,0,0,0,0
190,98,650,1645,0,1,0,0,0,0,1,0,0,0,0,0,0
191,99,644,1610,0,1,0,0,0,0,1,0,0,0,0,0,0
192,37,624,1750,0,1,0,0,0,0,1,0,0,0,0,0,0
193,46,812,2100,0,1,0,0,0,0,1,0,0,0,0,0,0
194,100,650,1672,0,1,0,0,0,0,1,0,0,0,0,0,0
195,40,690,1945,0,1,0,0,0,0,1,0,0,0,0,0,0
196,35,675,1872,0,1,0,0,0,0,1,0,0,0,0,0,0
197,101,724,2246,0,1,0,0,0,0,1,0,0,0,0,0,0
198,102,675,1695,0,1,0,0,0,0,1,0,0,0,0,0,0
199,33,685,1850,0,1,0,0,0,0,1,0,0,0,0,0,0
200,103,690,1695,0,1,0,0,0,0,1,0,0,0,0,0,0
201,104,656,1625,0,1,0,0,0,0,1,0,0,0,0,0,0
202,32,675,1750,0,1,0,0,0,0,1,0,0,0,0,0,0
203,34,670,1700,0,1,0,0,0,0,1,0,0,0,0,0,0
204,105,624,1499,0,0,1,0,0,0,1,0,0,0,0,0,0
205,53,724,2200,0,0,1,0,0,0,1,0,0,0,0,0,0
206,54,625,1575,0,0,1,0,0,0,1,0,0,0,0,0,0
207,55,775,2700,0,0,1,0,0,0,1,0,0,0,0,0,0
208,106,655,1550,0,0,1,0,0,0,1,0,0,0,0,0,0
209,107,675,1750,0,0,1,0,0,0,1,0,0,0,0,0,0
210,83,734,2300,0,0,1,0,0,0,1,0,0,0,0,0,0
211,83,790,2784,0,0,1,0,0,0,1,0,0,0,0,0,0
212,108,612,1487,0,0,1,0,0,0,1,0,0,0,0,0,0
213,84,724,2290,0,0,1,0,0,0,1,0,0,0,0,0,0
214,85,754,2500,0,0,1,0,0,0,1,0,0,0,0,0,0
215,74,760,2500,0,0,1,0,0,0,1,0,0,0,0,0,0
216,75,780,2775,0,0,1,0,0,0,1,0,0,0,0,0,0
217,109,760,2575,0,0,1,0,0,0,1,0,0,0,0,0,0
218,110,600,1512,0,0,0,1,0,0,1,0,0,0,0,0,0
219,111,700,2100,0,0,1,0,0,0,1,0,0,0,0,0,0
220,76,724,2150,0,0,1,0,0,0,1,0,0,0,0,0,0
221,77,850,3747,0,0,1,0,0,0,1,0,0,0,0,0,0
222,78,650,1700,0,0,1,0,0,0,1,0,0,0,0,0,0
223,79,850,3369,0,0,1,0,0,0,1,0,0,0,0,0,0
224,112,624,1500,0,0,1,0,0,0,1,0,0,0,0,0,0
225,80,700,2200,0,0,1,0,0,0,1,0,0,0,0,0,0
226,81,670,1750,0,0,1,0,0,0,1,0,0,0,0,0,0
227,113,640,1680,0,0,1,0,0,0,1,0,0,0,0,0,0
228,73,670,1775,0,0,1,0,0,0,1,0,0,0,0,0,0
229,70,750,2769,0,0,1,0,0,0,1,0,0,0,0,0,0
230,71,724,2725,0,0,1,0,0,0,1,0,0,0,0,0,0
231,67,624,1650,0,0,1,0,0,0,1,0,0,0,0,0,0
232,68,750,2425,0,0,1,0,0,0,1,0,0,0,0,0,0
233,69,725,2199,0,0,1,0,0,0,1,0,0,0,0,0,0
234,72,625,1750,0,0,1,0,0,0,1,0,0,0,0,0,0
235,66,645,1700,0,0,1,0,0,0,1,0,0,0,0,0,0
236,63,760,2850,0,0,1,0,0,0,1,0,0,0,0,0,0
237,65,750,2650,0,0,1,0,0,0,1,0,0,0,0,0,0
238,114,625,1700,0,0,1,0,0,0,1,0,0,0,0,0,0
239,58,740,2600,0,0,1,0,0,0,1,0,0,0,0,0,0
240,59,760,2500,0,0,1,0,0,0,1,0,0,0,0,0,0
241,60,675,1950,0,0,1,0,0,0,1,0,0,0,0,0,0
242,61,725,2350,0,0,1,0,0,0,1,0,0,0,0,0,0
243,62,650,1795,0,0,1,0,0,0,1,0,0,0,0,0,0
244,57,740,2400,0,0,1,0,0,0,1,0,0,0,0,0,0
245,56,660,1662,0,0,1,0,0,0,1,0,0,0,0,0,0
246,64,640,1700,0,0,1,0,0,0,1,0,0,0,0,0,0
247,51,650,1719,0,0,1,0,0,0,1,0,0,0,0,0,0
248,49,760,2700,0,0,1,0,0,0,1,0,0,0,0,0,0
249,50,724,2137,0,0,1,0,0,0,1,0,0,0,0,0,0
250,115,650,1500,0,0,0,1,0,0,1,0,0,0,0,0,0
251,87,675,1875,0,0,0,1,0,0,1,0,0,0,0,0,0
252,116,680,1537,0,0,0,1,0,0,1,0,0,0,0,0,0
253,117,725,2500,0,0,0,1,0,0,1,0,0,0,0,0,0
254,118,700,2000,0,0,0,1,0,0,1,0,0,0,0,0,0
255,119,712,2200,0,0,0,1,0,0,1,0,0,0,0,0,0
256,120,612,1500,0,0,0,1,0,0,1,0,0,0,0,0,0
257,121,660,1600,0,0,0,1,0,0,1,0,0,0,0,0,0
258,122,670,1650,0,0,0,1,0,0,1,0,0,0,0,0,0
259,123,712,2000,0,0,0,1,0,0,1,0,0,0,0,0,0
260,124,680,1575,0,0,0,1,0,0,1,0,0,0,0,0,0
261,125,660,1400,0,0,0,1,0,0,1,0,0,0,0,0,0
262,126,690,1675,0,0,0,1,0,0,1,0,0,0,0,0,0
263,127,650,1625,0,0,0,1,0,0,1,0,0,0,0,0,0
264,128,670,1550,0,0,0,1,0,0,1,0,0,0,0,0,0
265,129,660,1472,0,0,0,1,0,0,1,0,0,0,0,0,0
266,130,664,1575,0,0,0,1,0,0,1,0,0,0,0,0,0
267,131,684,1878,0,0,0,0,1,0,1,0,0,0,0,0,0
268,132,690,1950,0,0,0,0,1,0,1,0,0,0,0,0,0
269,133,700,1878,0,0,0,0,1,0,1,0,0,0,0,0,0
270,134,712,1950,0,0,0,0,1,0,1,0,0,0,0,0,0
271,131,724,1948,0,0,0,0,1,0,1,0,0,0,0,0,0
272,132,740,1950,0,0,0,0,1,0,1,0,0,0,0,0,0
273,133,690,1632,0,0,0,0,1,0,1,0,0,0,0,0,0
274,134,724,1800,0,0,0,0,1,0,1,0,0,0,0,0,0
275,131,690,1744,0,0,0,0,1,0,1,0,0,0,0,0,0
276,132,736,1999,0,0,0,0,1,0,1,0,0,0,0,0,0
277,133,700,1843,0,0,0,0,1,0,1,0,0,0,0,0,0
278,134,712,1950,0,0,0,0,1,0,1,0,0,0,0,0,0
279,2,1075,3600,1,0,0,0,0,0,0,1,0,0,0,0,0
280,3,950,2475,1,0,0,0,0,0,0,1,0,0,0,0,0
281,7,999,2795,1,0,0,0,0,0,0,1,0,0,0,0,0
282,89,1012,2900,1,0,0,0,0,0,0,1,0,0,0,0,0
283,9,950,2500,1,0,0,0,0,0,0,1,0,0,0,0,0
284,10,1150,3590,1,0,0,0,0,0,0,1,0,0,0,0,0
285,90,825,2250,1,0,0,0,0,0,0,1,0,0,0,0,0
286,14,850,2400,1,0,0,0,0,0,0,1,0,0,0,0,0
287,16,875,3300,1,0,0,0,0,0,0,1,0,0,0,0,0
288,17,899,3450,1,0,0,0,0,0,0,1,0,0,0,0,0
289,1,975,3800,1,0,0,0,0,0,0,1,0,0,0,0,0
290,19,912,2922,1,0,0,0,0,0,0,1,0,0,0,0,0
291,1,1240,5900,1,0,0,0,0,0,0,1,0,0,0,0,0
292,20,1112,4220,1,0,0,0,0,0,0,1,0,0,0,0,0
293,21,1222,5487,1,0,0,0,0,0,0,1,0,0,0,0,0
294,22,1212,4945,1,0,0,0,0,0,0,1,0,0,0,0,0
295,23,1000,3000,1,0,0,0,0,0,0,1,0,0,0,0,0
296,1,975,2892,1,0,0,0,0,0,0,1,0,0,0,0,0
297,25,1012,4300,1,0,0,0,0,0,0,1,0,0,0,0,0
298,26,1060,3798,1,0,0,0,0,0,0,1,0,0,0,0,0
299,27,1102,7250,1,0,0,0,0,0,0,1,0,0,0,0,0
300,91,1012,3703,1,0,0,0,0,0,0,1,0,0,0,0,0
301,2,999,3600,1,0,0,0,0,0,0,1,0,0,0,0,0
302,4,1050,4581,1,0,0,0,0,0,0,1,0,0,0,0,0
303,29,800,2300,1,0,0,0,0,0,0,1,0,0,0,0,0
304,92,812,2383,1,0,0,0,0,0,0,1,0,0,0,0,0
305,30,1040,4600,1,0,0,0,0,0,0,1,0,0,0,0,0
306,31,975,2300,0,1,0,0,0,0,0,1,0,0,0,0,0
307,94,950,2275,0,1,0,0,0,0,0,1,0,0,0,0,0
308,48,850,1999,0,1,0,0,0,0,0,1,0,0,0,0,0
309,45,925,2250,0,1,0,0,0,0,0,1,0,0,0,0,0
310,47,945,2342,0,1,0,0,0,0,0,1,0,0,0,0,0
311,42,960,2300,0,1,0,0,0,0,0,1,0,0,0,0,0
312,43,920,2174,0,1,0,0,0,0,0,1,0,0,0,0,0
313,44,1012,2500,0,1,0,0,0,0,0,1,0,0,0,0,0
314,95,890,1975,0,1,0,0,0,0,0,1,0,0,0,0,0
315,40,975,2362,0,1,0,0,0,0,0,1,0,0,0,0,0
316,96,1075,2575,0,1,0,0,0,0,0,1,0,0,0,0,0
317,38,1024,2100,0,1,0,0,0,0,0,1,0,0,0,0,0
318,97,1100,2075,0,1,0,0,0,0,0,1,0,0,0,0,0
319,39,1124,4231,0,1,0,0,0,0,0,1,0,0,0,0,0
320,98,912,1998,0,1,0,0,0,0,0,1,0,0,0,0,0
321,135,924,2200,0,1,0,0,0,0,0,1,0,0,0,0,0
322,37,899,2100,0,1,0,0,0,0,0,1,0,0,0,0,0
323,46,912,2400,0,1,0,0,0,0,0,1,0,0,0,0,0
324,37,924,2300,0,1,0,0,0,0,0,1,0,0,0,0,0
325,35,936,2400,0,1,0,0,0,0,0,1,0,0,0,0,0
326,101,950,2200,0,1,0,0,0,0,0,1,0,0,0,0,0
327,102,1124,2150,0,1,0,0,0,0,0,1,0,0,0,0,0
328,34,1000,2300,0,1,0,0,0,0,0,1,0,0,0,0,0
329,33,1050,2300,0,1,0,0,0,0,0,1,0,0,0,0,0
330,32,899,2200,0,1,0,0,0,0,0,1,0,0,0,0,0
331,103,1024,2150,0,1,0,0,0,0,0,1,0,0,0,0,0
332,53,899,2520,0,0,1,0,0,0,0,1,0,0,0,0,0
333,54,875,1899,0,0,1,0,0,0,0,1,0,0,0,0,0
334,55,1112,3900,0,0,1,0,0,0,0,1,0,0,0,0,0
335,106,850,1800,0,0,1,0,0,0,0,1,0,0,0,0,0
336,111,925,2395,0,0,1,0,0,0,0,1,0,0,0,0,0
337,107,950,2472,0,0,1,0,0,0,0,1,0,0,0,0,0
338,82,1012,2600,0,0,1,0,0,0,0,1,0,0,0,0,0
339,83,1120,4699,0,0,1,0,0,0,0,1,0,0,0,0,0
340,108,850,1825,0,0,1,0,0,0,0,1,0,0,0,0,0
341,84,925,2449,0,0,1,0,0,0,0,1,0,0,0,0,0
342,136,875,1899,0,0,1,0,0,0,0,1,0,0,0,0,0
343,85,925,3399,0,0,1,0,0,0,0,1,0,0,0,0,0
344,74,934,3200,0,0,1,0,0,0,0,1,0,0,0,0,0
345,75,944,3800,0,0,1,0,0,0,0,1,0,0,0,0,0
346,137,968,2999,0,0,1,0,0,0,0,1,0,0,0,0,0
347,76,975,2449,0,0,1,0,0,0,0,1,0,0,0,0,0
348,77,1200,5382,0,0,1,0,0,0,0,1,0,0,0,0,0
349,78,1012,2299,0,0,1,0,0,0,0,1,0,0,0,0,0
350,79,1150,4540,0,0,1,0,0,0,0,1,0,0,0,0,0
351,112,950,1925,0,0,1,0,0,0,0,1,0,0,0,0,0
352,80,1012,2475,0,0,1,0,0,0,0,1,0,0,0,0,0
353,81,950,2150,0,0,1,0,0,0,0,1,0,0,0,0,0
354,113,920,1957,0,0,1,0,0,0,0,1,0,0,0,0,0
355,70,1075,3400,0,0,1,0,0,0,0,1,0,0,0,0,0
356,73,925,2200,0,0,1,0,0,0,0,1,0,0,0,0,0
357,71,1012,2825,0,0,1,0,0,0,0,1,0,0,0,0,0
358,67,975,1995,0,0,1,0,0,0,0,1,0,0,0,0,0
359,68,1090,2950,0,0,1,0,0,0,0,1,0,0,0,0,0
360,69,1000,2477,0,0,1,0,0,0,0,1,0,0,0,0,0
361,86,875,1850,0,0,0,1,0,0,0,1,0,0,0,0,0
362,66,912,2000,0,0,1,0,0,0,0,1,0,0,0,0,0
363,65,1025,3000,0,0,1,0,0,0,0,1,0,0,0,0,0
364,63,1112,3505,0,0,1,0,0,0,0,1,0,0,0,0,0
365,114,999,2197,0,0,1,0,0,0,0,1,0,0,0,0,0
366,58,1099,3200,0,0,1,0,0,0,0,1,0,0,0,0,0
367,59,1114,3300,0,0,1,0,0,0,0,1,0,0,0,0,0
368,60,925,2426,0,0,1,0,0,0,0,1,0,0,0,0,0
369,61,975,2910,0,0,1,0,0,0,0,1,0,0,0,0,0
370,62,925,2337,0,0,1,0,0,0,0,1,0,0,0,0,0
371,51,910,1997,0,0,1,0,0,0,0,1,0,0,0,0,0
372,57,1012,2700,0,0,1,0,0,0,0,1,0,0,0,0,0
373,56,950,2150,0,0,1,0,0,0,0,1,0,0,0,0,0
374,64,950,2195,0,0,1,0,0,0,0,1,0,0,0,0,0
375,105,924,1800,0,0,1,0,0,0,0,1,0,0,0,0,0
376,52,975,2200,0,0,1,0,0,0,0,1,0,0,0,0,0
377,72,970,2300,0,0,1,0,0,0,0,1,0,0,0,0,0
378,49,1060,3000,0,0,1,0,0,0,0,1,0,0,0,0,0
379,50,1002,2899,0,0,1,0,0,0,0,1,0,0,0,0,0
380,124,960,1950,0,0,0,1,0,0,0,1,0,0,0,0,0
381,124,960,1950,0,0,0,1,0,0,0,1,0,0,0,0,0
382,124,960,1950,0,0,0,1,0,0,0,1,0,0,0,0,0
383,124,960,1950,0,0,0,1,0,0,0,1,0,0,0,0,0
384,122,960,2025,0,0,0,1,0,0,0,1,0,0,0,0,0
385,123,940,2237,0,0,0,1,0,0,0,1,0,0,0,0,0
386,120,920,1950,0,0,0,1,0,0,0,1,0,0,0,0,0
387,116,900,1850,0,0,0,1,0,0,0,1,0,0,0,0,0
388,118,875,1787,0,0,0,1,0,0,0,1,0,0,0,0,0
389,87,999,2383,0,0,0,1,0,0,0,1,0,0,0,0,0
390,120,924,1950,0,0,0,1,0,0,0,1,0,0,0,0,0
391,116,912,1850,0,0,0,1,0,0,0,1,0,0,0,0,0
392,118,899,1787,0,0,0,1,0,0,0,1,0,0,0,0,0
393,87,964,2383,0,0,0,1,0,0,0,1,0,0,0,0,0
394,138,1000,2250,0,0,0,0,1,0,0,1,0,0,0,0,0
395,139,940,2350,0,0,0,0,1,0,0,1,0,0,0,0,0
396,133,950,2400,0,0,0,0,1,0,0,1,0,0,0,0,0
397,140,910,2350,0,0,0,0,1,0,0,1,0,0,0,0,0
398,141,920,2350,0,0,0,0,1,0,0,1,0,0,0,0,0
399,138,950,2250,0,0,0,0,1,0,0,1,0,0,0,0,0
400,139,1000,2350,0,0,0,0,1,0,0,1,0,0,0,0,0
401,133,940,2400,0,0,0,0,1,0,0,1,0,0,0,0,0
402,140,950,2350,0,0,0,0,1,0,0,1,0,0,0,0,0
403,141,910,2350,0,0,0,0,1,0,0,1,0,0,0,0,0
404,138,920,2250,0,0,0,0,1,0,0,1,0,0,0,0,0
405,139,950,2350,0,0,0,0,1,0,0,1,0,0,0,0,0
406,133,922,2400,0,0,0,0,1,0,0,1,0,0,0,0,0
407,140,944,2350,0,0,0,0,1,0,0,1,0,0,0,0,0
408,141,984,2350,0,0,0,0,1,0,0,1,0,0,0,0,0
409,3,1100,3250,1,0,0,0,0,0,0,0,1,0,0,0,0
410,4,1390,7000,1,0,0,0,0,0,0,0,1,0,0,0,0
411,7,1150,3700,1,0,0,0,0,0,0,0,1,0,0,0,0
412,89,1125,4200,1,0,0,0,0,0,0,0,1,0,0,0,0
413,9,1112,3350,1,0,0,0,0,0,0,0,1,0,0,0,0
414,10,1300,5000,1,0,0,0,0,0,0,0,1,0,0,0,0
415,13,1202,5550,1,0,0,0,0,0,0,0,1,0,0,0,0
416,14,1200,3197,1,0,0,0,0,0,0,0,1,0,0,0,0
417,90,1102,2672,1,0,0,0,0,0,0,0,1,0,0,0,0
418,17,1125,4622,1,0,0,0,0,0,0,0,1,0,0,0,0
419,18,1202,5310,1,0,0,0,0,0,0,0,1,0,0,0,0
420,19,1100,3350,1,0,0,0,0,0,0,0,1,0,0,0,0
421,1,1550,8075,1,0,0,0,0,0,0,0,1,0,0,0,0
422,20,1275,5977,1,0,0,0,0,0,0,0,1,0,0,0,0
423,22,1225,5500,1,0,0,0,0,0,0,0,1,0,0,0,0
424,23,1100,3666,1,0,0,0,0,0,0,0,1,0,0,0,0
425,1,1150,3400,1,0,0,0,0,0,0,0,1,0,0,0,0
426,25,1275,6325,1,0,0,0,0,0,0,0,1,0,0,0,0
427,26,1175,4746,1,0,0,0,0,0,0,0,1,0,0,0,0
428,91,1124,4572,1,0,0,0,0,0,0,0,1,0,0,0,0
429,2,1300,7995,1,0,0,0,0,0,0,0,1,0,0,0,0
430,4,1200,7000,1,0,0,0,0,0,0,0,1,0,0,0,0
431,29,1100,2987,1,0,0,0,0,0,0,0,1,0,0,0,0
432,92,1660,3325,1,0,0,0,0,0,0,0,1,0,0,0,0
433,30,1250,7497,1,0,0,0,0,0,0,0,1,0,0,0,0
434,31,1750,2900,0,1,0,0,0,0,0,0,1,0,0,0,0
435,94,1625,3150,0,1,0,0,0,0,0,0,1,0,0,0,0
436,45,1400,2750,0,1,0,0,0,0,0,0,1,0,0,0,0
437,142,1322,2650,0,1,0,0,0,0,0,0,1,0,0,0,0
438,42,1400,2738,0,1,0,0,0,0,0,0,1,0,0,0,0
439,44,2050,3500,0,1,0,0,0,0,0,0,1,0,0,0,0
440,43,1100,2525,0,1,0,0,0,0,0,0,1,0,0,0,0
441,95,1112,2398,0,1,0,0,0,0,0,0,1,0,0,0,0
442,40,1125,2400,0,1,0,0,0,0,0,0,1,0,0,0,0
443,98,1120,2475,0,1,0,0,0,0,0,0,1,0,0,0,0
444,38,1250,2675,0,1,0,0,0,0,0,0,1,0,0,0,0
445,39,2750,5160,0,1,0,0,0,0,0,0,1,0,0,0,0
446,99,1750,3000,0,1,0,0,0,0,0,0,1,0,0,0,0
447,37,1325,2700,0,1,0,0,0,0,0,0,1,0,0,0,0
448,46,1699,3000,0,1,0,0,0,0,0,0,1,0,0,0,0
449,36,1325,2800,0,1,0,0,0,0,0,0,1,0,0,0,0
450,35,1425,3000,0,1,0,0,0,0,0,0,1,0,0,0,0
451,101,1350,2797,0,1,0,0,0,0,0,0,1,0,0,0,0
452,102,1312,2647,0,1,0,0,0,0,0,0,1,0,0,0,0
453,32,1324,2720,0,1,0,0,0,0,0,0,1,0,0,0,0
454,33,1350,2725,0,1,0,0,0,0,0,0,1,0,0,0,0
455,34,1300,2500,0,1,0,0,0,0,0,0,1,0,0,0,0
456,103,1450,2647,0,1,0,0,0,0,0,0,1,0,0,0,0
457,105,1600,2500,0,0,1,0,0,0,0,0,1,0,0,0,0
458,71,1850,3247,0,0,1,0,0,0,0,0,1,0,0,0,0
459,52,1300,2500,0,0,1,0,0,0,0,0,1,0,0,0,0
460,70,1850,4649,0,0,1,0,0,0,0,0,1,0,0,0,0
461,53,1200,2998,0,0,1,0,0,0,0,0,1,0,0,0,0
462,73,1150,2725,0,0,1,0,0,0,0,0,1,0,0,0,0
463,54,1100,2500,0,0,1,0,0,0,0,0,1,0,0,0,0
464,55,2080,5500,0,0,1,0,0,0,0,0,1,0,0,0,0
465,107,1100,2600,0,0,1,0,0,0,0,0,1,0,0,0,0
466,113,900,2350,0,0,1,0,0,0,0,0,1,0,0,0,0
467,143,1200,3022,0,0,1,0,0,0,0,0,1,0,0,0,0
468,83,1860,7450,0,0,1,0,0,0,0,0,1,0,0,0,0
469,108,900,2200,0,0,1,0,0,0,0,0,1,0,0,0,0
470,84,950,2897,0,0,1,0,0,0,0,0,1,0,0,0,0
471,136,920,2300,0,0,1,0,0,0,0,0,1,0,0,0,0
472,85,1200,4112,0,0,1,0,0,0,0,0,1,0,0,0,0
473,49,1190,3660,0,0,1,0,0,0,0,0,1,0,0,0,0
474,50,1150,3255,0,0,1,0,0,0,0,0,1,0,0,0,0
475,66,900,2450,0,0,1,0,0,0,0,0,1,0,0,0,0
476,64,950,2600,0,0,1,0,0,0,0,0,1,0,0,0,0
477,65,1250,3682,0,0,1,0,0,0,0,0,1,0,0,0,0
478,51,975,2499,0,0,1,0,0,0,0,0,1,0,0,0,0
479,56,999,2600,0,0,1,0,0,0,0,0,1,0,0,0,0
480,63,1750,4996,0,0,1,0,0,0,0,0,1,0,0,0,0
481,58,1650,4795,0,0,1,0,0,0,0,0,1,0,0,0,0
482,59,1300,3850,0,0,1,0,0,0,0,0,1,0,0,0,0
483,60,1250,3000,0,0,1,0,0,0,0,0,1,0,0,0,0
484,61,1200,3750,0,0,1,0,0,0,0,0,1,0,0,0,0
485,62,1125,2600,0,0,1,0,0,0,0,0,1,0,0,0,0
486,76,1225,3250,0,0,1,0,0,0,0,0,1,0,0,0,0
487,78,1005,2762,0,0,1,0,0,0,0,0,1,0,0,0,0
488,112,1025,2550,0,0,1,0,0,0,0,0,1,0,0,0,0
489,80,1050,2950,0,0,1,0,0,0,0,0,1,0,0,0,0
490,69,1150,3000,0,0,1,0,0,0,0,0,1,0,0,0,0
491,81,999,2650,0,0,1,0,0,0,0,0,1,0,0,0,0
492,67,1022,2400,0,0,1,0,0,0,0,0,1,0,0,0,0
493,68,1290,3735,0,0,1,0,0,0,0,0,1,0,0,0,0
494,72,1060,2800,0,0,1,0,0,0,0,0,1,0,0,0,0
495,74,1350,4400,0,0,1,0,0,0,0,0,1,0,0,0,0
496,75,1400,6400,0,0,1,0,0,0,0,0,1,0,0,0,0
497,137,1850,5875,0,0,1,0,0,0,0,0,1,0,0,0,0
498,130,900,2300,0,0,0,1,0,0,0,0,1,0,0,0,0
499,87,1225,3000,0,0,0,1,0,0,0,0,1,0,0,0,0
500,87,860,2400,0,0,0,1,0,0,0,0,1,0,0,0,0
501,110,900,2446,0,0,0,1,0,0,0,0,1,0,0,0,0
502,126,925,2325,0,0,0,1,0,0,0,0,1,0,0,0,0
503,124,1400,2500,0,0,0,1,0,0,0,0,1,0,0,0,0
504,123,1000,2375,0,0,0,1,0,0,0,0,1,0,0,0,0
505,130,950,2300,0,0,0,1,0,0,0,0,1,0,0,0,0
506,87,1350,3000,0,0,0,1,0,0,0,0,1,0,0,0,0
507,130,900,2300,0,0,0,1,0,0,0,0,1,0,0,0,0
508,87,1225,3000,0,0,0,1,0,0,0,0,1,0,0,0,0
509,87,860,2400,0,0,0,1,0,0,0,0,1,0,0,0,0
510,110,900,2446,0,0,0,1,0,0,0,0,1,0,0,0,0
511,126,925,2325,0,0,0,1,0,0,0,0,1,0,0,0,0
512,124,1400,2500,0,0,0,1,0,0,0,0,1,0,0,0,0
513,123,1000,2375,0,0,0,1,0,0,0,0,1,0,0,0,0
514,130,950,2300,0,0,0,1,0,0,0,0,1,0,0,0,0
515,87,1350,3000,0,0,0,1,0,0,0,0,1,0,0,0,0
516,87,1350,3000,0,0,0,1,0,0,0,0,1,0,0,0,0
517,87,1350,3000,0,0,0,1,0,0,0,0,1,0,0,0,0
518,87,1350,3000,0,0,0,1,0,0,0,0,1,0,0,0,0
519,144,999,2200,0,0,0,0,1,0,0,0,1,0,0,0,0
520,145,1180,2500,0,0,0,0,1,0,0,0,1,0,0,0,0
521,146,1250,3000,0,0,0,0,1,0,0,0,1,0,0,0,0
522,147,1350,3500,0,0,0,0,1,0,0,0,1,0,0,0,0
523,148,1750,4000,0,0,0,0,1,0,0,0,1,0,0,0,0
524,33,1012,2500,0,0,0,0,1,0,0,0,1,0,0,0,0
525,144,999,2200,0,0,0,0,1,0,0,0,1,0,0,0,0
526,145,1180,2500,0,0,0,0,1,0,0,0,1,0,0,0,0
527,146,1250,3000,0,0,0,0,1,0,0,0,1,0,0,0,0
528,147,1350,3500,0,0,0,0,1,0,0,0,1,0,0,0,0
529,148,1750,4000,0,0,0,0,1,0,0,0,1,0,0,0,0
530,33,1012,2500,0,0,0,0,1,0,0,0,1,0,0,0,0
531,144,999,2200,0,0,0,0,1,0,0,0,1,0,0,0,0
532,145,1180,2500,0,0,0,0,1,0,0,0,1,0,0,0,0
533,146,1250,3000,0,0,0,0,1,0,0,0,1,0,0,0,0
534,147,1350,3500,0,0,0,0,1,0,0,0,1,0,0,0,0
535,148,1750,4000,0,0,0,0,1,0,0,0,1,0,0,0,0
536,33,1012,2500,0,0,0,0,1,0,0,0,1,0,0,0,0
537,0,555,2875,1,0,0,0,0,0,0,0,0,0,0,0,0
538,1,532,2595,1,0,0,0,0,0,0,0,0,0,0,0,0
539,2,500,2100,1,0,0,0,0,0,0,0,0,0,0,0,0
540,3,412,1795,1,0,0,0,0,0,0,0,0,0,0,0,0
541,4,490,2249,1,0,0,0,0,0,0,0,0,0,0,0,0
542,5,650,3360,1,0,0,0,0,0,0,0,0,0,0,0,0
543,6,590,2875,1,0,0,0,0,0,0,0,0,0,0,0,0
544,7,440,1799,1,0,0,0,0,0,0,0,0,0,0,0,0
545,8,550,2800,1,0,0,0,0,0,0,0,0,0,0,0,0
546,9,412,1800,1,0,0,0,0,0,0,0,0,0,0,0,0
547,10,470,2250,1,0,0,0,0,0,0,0,0,0,0,0,0
548,11,665,3600,1,0,0,0,0,0,0,0,0,0,0,0,0
549,12,632,3095,1,0,0,0,0,0,0,0,0,0,0,0,0
550,13,627,2875,1,0,0,0,0,0,0,0,0,0,0,0,0
551,14,420,1773,1,0,0,0,0,0,0,0,0,0,0,0,0
552,15,500,2750,1,0,0,0,0,0,0,0,0,0,0,0,0
553,16,412,1971,1,0,0,0,0,0,0,0,0,0,0,0,0
554,17,480,2150,1,0,0,0,0,0,0,0,0,0,0,0,0
555,18,590,2450,1,0,0,0,0,0,0,0,0,0,0,0,0
556,19,430,1922,1,0,0,0,0,0,0,0,0,0,0,0,0
557,1,499,2891,1,0,0,0,0,0,0,0,0,0,0,0,0
558,20,475,2462,1,0,0,0,0,0,0,0,0,0,0,0,0
559,21,476,2700,1,0,0,0,0,0,0,0,0,0,0,0,0
560,22,466,2667,1,0,0,0,0,0,0,0,0,0,0,0,0
561,23,480,2295,1,0,0,0,0,0,0,0,0,0,0,0,0
562,24,450,2300,1,0,0,0,0,0,0,0,0,0,0,0,0
563,25,440,2875,1,0,0,0,0,0,0,0,0,0,0,0,0
564,26,425,2200,1,0,0,0,0,0,0,0,0,0,0,0,0
565,27,460,2650,1,0,0,0,0,0,0,0,0,0,0,0,0
566,28,1000,4275,1,0,0,0,0,0,0,0,0,0,0,0,0
567,2,624,2100,1,0,0,0,0,0,0,0,0,0,0,0,0
568,4,690,2249,1,0,0,0,0,0,0,0,0,0,0,0,0
569,29,624,1675,1,0,0,0,0,0,0,0,0,0,0,0,0
570,30,675,2800,1,0,0,0,0,0,0,0,0,0,0,0,0
571,31,660,1870,0,1,0,0,0,0,0,0,0,0,0,0,0
572,32,612,1500,0,1,0,0,0,0,0,0,0,0,0,0,0
573,33,624,1651,0,1,0,0,0,0,0,0,0,0,0,0,0
574,34,630,1475,0,1,0,0,0,0,0,0,0,0,0,0,0
575,35,612,1642,0,1,0,0,0,0,0,0,0,0,0,0,0
576,36,590,1750,0,1,0,0,0,0,0,0,0,0,0,0,0
577,37,660,1550,0,1,0,0,0,0,0,0,0,0,0,0,0
578,38,652,1525,0,1,0,0,0,0,0,0,0,0,0,0,0
579,39,750,2538,0,1,0,0,0,0,0,0,0,0,0,0,0
580,40,612,1600,0,1,0,0,0,0,0,0,0,0,0,0,0
581,41,640,1828,0,1,0,0,0,0,0,0,0,0,0,0,0
582,42,660,1500,0,1,0,0,0,0,0,0,0,0,0,0,0
583,43,630,1550,0,1,0,0,0,0,0,0,0,0,0,0,0
584,44,620,1595,0,1,0,0,0,0,0,0,0,0,0,0,0
585,45,630,1595,0,1,0,0,0,0,0,0,0,0,0,0,0
586,46,650,2300,0,1,0,0,0,0,0,0,0,0,0,0,0
587,47,635,1500,0,1,0,0,0,0,0,0,0,0,0,0,0
588,48,622,1575,0,1,0,0,0,0,0,0,0,0,0,0,0
589,49,590,2483,0,0,1,0,0,0,0,0,0,0,0,0,0
590,50,624,2000,0,0,1,0,0,0,0,0,0,0,0,0,0
591,51,634,1600,0,0,1,0,0,0,0,0,0,0,0,0,0
592,52,623,1592,0,0,1,0,0,0,0,0,0,0,0,0,0
593,53,550,1995,0,0,1,0,0,0,0,0,0,0,0,0,0
594,54,500,1765,0,0,1,0,0,0,0,0,0,0,0,0,0
595,55,650,2100,0,0,1,0,0,0,0,0,0,0,0,0,0
596,56,625,1450,0,0,1,0,0,0,0,0,0,0,0,0,0
597,57,490,1800,0,0,1,0,0,0,0,0,0,0,0,0,0
598,58,580,2100,0,0,1,0,0,0,0,0,0,0,0,0,0
599,59,550,1850,0,0,1,0,0,0,0,0,0,0,0,0,0
600,60,490,1645,0,0,1,0,0,0,0,0,0,0,0,0,0
601,61,500,1925,0,0,1,0,0,0,0,0,0,0,0,0,0
602,62,624,1550,0,0,1,0,0,0,0,0,0,0,0,0,0
603,63,600,2500,0,0,1,0,0,0,0,0,0,0,0,0,0
604,64,623,1595,0,0,1,0,0,0,0,0,0,0,0,0,0
605,65,500,2452,0,0,1,0,0,0,0,0,0,0,0,0,0
606,66,623,1600,0,0,1,0,0,0,0,0,0,0,0,0,0
607,67,624,1375,0,0,1,0,0,0,0,0,0,0,0,0,0
608,68,500,2125,0,0,1,0,0,0,0,0,0,0,0,0,0
609,69,550,2674,0,0,1,0,0,0,0,0,0,0,0,0,0
610,70,580,2504,0,0,1,0,0,0,0,0,0,0,0,0,0
611,71,570,2550,0,0,1,0,0,0,0,0,0,0,0,0,0
612,72,624,1550,0,0,1,0,0,0,0,0,0,0,0,0,0
613,73,624,1620,0,0,1,0,0,0,0,0,0,0,0,0,0
614,74,550,2250,0,0,1,0,0,0,0,0,0,0,0,0,0
615,75,624,1950,0,0,1,0,0,0,0,0,0,0,0,0,0
616,76,624,1700,0,0,1,0,0,0,0,0,0,0,0,0,0
617,77,612,3000,0,0,1,0,0,0,0,0,0,0,0,0,0
618,78,550,1599,0,0,1,0,0,0,0,0,0,0,0,0,0
619,79,612,2655,0,0,1,0,0,0,0,0,0,0,0,0,0
620,80,500,1976,0,0,1,0,0,0,0,0,0,0,0,0,0
621,81,612,1450,0,0,1,0,0,0,0,0,0,0,0,0,0
622,82,580,2150,0,0,1,0,0,0,0,0,0,0,0,0,0
623,83,580,2150,0,0,1,0,0,0,0,0,0,0,0,0,0
624,84,560,2012,0,0,1,0,0,0,0,0,0,0,0,0,0
625,85,612,2650,0,0,1,0,0,0,0,0,0,0,0,0,0
626,86,630,1450,0,0,0,1,0,0,0,0,0,0,0,0,0
627,87,625,1500,0,0,0,1,0,0,0,0,0,0,0,0,0
628,86,630,1450,0,0,0,1,0,0,0,0,0,0,0,0,0
629,87,633,1500,0,0,0,1,0,0,0,0,0,0,0,0,0
630,86,612,1450,0,0,0,1,0,0,0,0,0,0,0,0,0
631,87,590,1500,0,0,0,1,0,0,0,0,0,0,0,0,0
632,87,612,1500,0,0,0,1,0,0,0,0,0,0,0,0,0
633,86,612,1450,0,0,0,1,0,0,0,0,0,0,0,0,0
634,86,612,1450,0,0,0,1,0,0,0,0,0,0,0,0,0
635,87,624,1500,0,0,0,1,0,0,0,0,0,0,0,0,0
636,86,622,1450,0,0,0,1,0,0,0,0,0,0,0,0,0
637,87,622,1500,0,0,0,1,0,0,0,0,0,0,0,0,0
638,86,630,1450,0,0,0,1,0,0,0,0,0,0,0,0,0
639,87,634,1500,0,0,0,1,0,0,0,0,0,0,0,0,0
640,87,632,1500,0,0,0,1,0,0,0,0,0,0,0,0,0
641,86,639,1450,0,0,0,1,0,0,0,0,0,0,0,0,0
642,86,633,1450,0,0,0,1,0,0,0,0,0,0,0,0,0
643,87,638,1500,0,0,0,1,0,0,0,0,0,0,0,0,0
644,86,622,1450,0,0,0,1,0,0,0,0,0,0,0,0,0
645,87,624,1500,0,0,0,1,0,0,0,0,0,0,0,0,0
646,86,612,1450,0,0,0,1,0,0,0,0,0,0,0,0,0
647,87,624,1500,0,0,0,1,0,0,0,0,0,0,0,0,0
648,87,630,1500,0,0,0,1,0,0,0,0,0,0,0,0,0
649,86,620,1450,0,0,0,1,0,0,0,0,0,0,0,0,0
650,88,600,1290,0,0,0,0,1,0,0,0,0,0,0,0,0
651,88,650,1191,0,0,0,0,1,0,0,0,0,0,0,0,0
652,88,632,1392,0,0,0,0,1,0,0,0,0,0,0,0,0
653,88,550,1293,0,0,0,0,1,0,0,0,0,0,0,0,0
654,88,640,994,0,0,0,0,1,0,0,0,0,0,0,0,0
655,88,600,800,0,0,0,0,1,0,0,0,0,0,0,0,0
656,88,640,1252,0,0,0,0,1,0,0,0,0,0,0,0,0
657,88,590,925,0,0,0,0,1,0,0,0,0,0,0,0,0
658,88,585,825,0,0,0,0,1,0,0,0,0,0,0,0,0
659,88,600,1000,0,0,0,0,1,0,0,0,0,0,0,0,0
660,88,612,890,0,0,0,0,1,0,0,0,0,0,0,0,0
661,88,634,999,0,0,0,0,1,0,0,0,0,0,0,0,0
662,88,620,875,0,0,0,0,1,0,0,0,0,0,0,0,0
663,88,640,925,0,0,0,0,1,0,0,0,0,0,0,0,0
664,88,650,912,0,0,0,0,1,0,0,0,0,0,0,0,0
665,88,590,899,0,0,0,0,1,0,0,0,0,0,0,0,0
666,88,585,924,0,0,0,0,1,0,0,0,0,0,0,0,0
667,88,600,1002,0,0,0,0,1,0,0,0,0,0,0,0,0
668,88,590,946,0,0,0,0,1,0,0,0,0,0,0,0,0
669,88,612,966,0,0,0,0,1,0,0,0,0,0,0,0,0
670,88,624,899,0,0,0,0,1,0,0,0,0,0,0,0,0
671,88,594,924,0,0,0,0,1,0,0,0,0,0,0,0,0
672,0,800,3600,1,0,0,0,0,0,1,0,0,0,0,0,0
673,1,750,3550,1,0,0,0,0,0,1,0,0,0,0,0,0
674,2,650,2795,1,0,0,0,0,0,1,0,0,0,0,0,0
675,3,612,1950,1,0,0,0,0,0,1,0,0,0,0,0,0
676,4,724,3149,1,0,0,0,0,0,1,0,0,0,0,0,0
677,52,624,1700,0,0,1,0,0,0,1,0,0,0,0,0,0
678,7,646,2100,1,0,0,0,0,0,1,0,0,0,0,0,0
679,8,712,6975,1,0,0,0,0,0,1,0,0,0,0,0,0
680,6,766,4170,1,0,0,0,0,0,1,0,0,0,0,0,0
681,89,742,2337,1,0,0,0,0,0,1,0,0,0,0,0,0
682,9,690,2097,1,0,0,0,0,0,1,0,0,0,0,0,0
683,10,722,2782,1,0,0,0,0,0,1,0,0,0,0,0,0
684,12,766,3995,1,0,0,0,0,0,1,0,0,0,0,0,0
685,11,812,4635,1,0,0,0,0,0,1,0,0,0,0,0,0
686,13,750,3500,1,0,0,0,0,0,1,0,0,0,0,0,0
687,14,650,1950,1,0,0,0,0,0,1,0,0,0,0,0,0
688,90,612,1750,1,0,0,0,0,0,1,0,0,0,0,0,0
689,15,734,3750,1,0,0,0,0,0,1,0,0,0,0,0,0
690,17,680,2912,1,0,0,0,0,0,1,0,0,0,0,0,0
691,18,712,3150,1,0,0,0,0,0,1,0,0,0,0,0,0
692,19,650,2297,1,0,0,0,0,0,1,0,0,0,0,0,0
693,16,688,2575,1,0,0,0,0,0,1,0,0,0,0,0,0
694,1,700,3695,1,0,0,0,0,0,1,0,0,0,0,0,0
695,20,692,3400,1,0,0,0,0,0,1,0,0,0,0,0,0
696,21,724,3966,1,0,0,0,0,0,1,0,0,0,0,0,0
697,22,712,3542,1,0,0,0,0,0,1,0,0,0,0,0,0
698,23,670,2750,1,0,0,0,0,0,1,0,0,0,0,0,0
699,25,700,3100,1,0,0,0,0,0,1,0,0,0,0,0,0
700,1,650,2550,1,0,0,0,0,0,1,0,0,0,0,0,0
701,26,630,2716,1,0,0,0,0,0,1,0,0,0,0,0,0
702,27,690,3450,1,0,0,0,0,0,1,0,0,0,0,0,0
703,91,712,3635,1,0,0,0,0,0,1,0,0,0,0,0,0
704,28,790,4700,1,0,0,0,0,0,1,0,0,0,0,0,0
705,2,644,2795,1,0,0,0,0,0,1,0,0,0,0,0,0
706,4,676,3149,1,0,0,0,0,0,1,0,0,0,0,0,0
707,29,612,1800,1,0,0,0,0,0,1,0,0,0,0,0,0
708,92,622,2000,1,0,0,0,0,0,1,0,0,0,0,0,0
709,30,650,3895,1,0,0,0,0,0,1,0,0,0,0,0,0
710,5,724,3850,1,0,0,0,0,0,1,0,0,0,0,0,0
711,31,730,1925,0,1,0,0,0,0,1,0,0,0,0,0,0
712,93,612,1425,0,1,0,0,0,0,1,0,0,0,0,0,0
713,94,650,1625,0,1,0,0,0,0,1,0,0,0,0,0,0
714,48,634,1650,0,1,0,0,0,0,1,0,0,0,0,0,0
715,45,700,1850,0,1,0,0,0,0,1,0,0,0,0,0,0
716,47,612,1670,0,1,0,0,0,0,1,0,0,0,0,0,0
717,42,712,1900,0,1,0,0,0,0,1,0,0,0,0,0,0
718,43,675,1725,0,1,0,0,0,0,1,0,0,0,0,0,0
719,44,720,1900,0,1,0,0,0,0,1,0,0,0,0,0,0
720,95,674,1700,0,1,0,0,0,0,1,0,0,0,0,0,0
721,40,684,1780,0,1,0,0,0,0,1,0,0,0,0,0,0
722,41,750,2075,0,1,0,0,0,0,1,0,0,0,0,0,0
723,96,674,1765,0,1,0,0,0,0,1,0,0,0,0,0,0
724,38,675,1750,0,1,0,0,0,0,1,0,0,0,0,0,0
725,97,690,1825,0,1,0,0,0,0,1,0,0,0,0,0,0
726,39,824,3208,0,1,0,0,0,0,1,0,0,0,0,0,0
727,98,650,1645,0,1,0,0,0,0,1,0,0,0,0,0,0
728,99,644,1610,0,1,0,0,0,0,1,0,0,0,0,0,0
729,37,624,1750,0,1,0,0,0,0,1,0,0,0,0,0,0
730,46,812,2100,0,1,0,0,0,0,1,0,0,0,0,0,0
731,100,650,1672,0,1,0,0,0,0,1,0,0,0,0,0,0
732,40,690,1945,0,1,0,0,0,0,1,0,0,0,0,0,0
733,35,675,1872,0,1,0,0,0,0,1,0,0,0,0,0,0
734,101,724,2246,0,1,0,0,0,0,1,0,0,0,0,0,0
735,102,675,1695,0,1,0,0,0,0,1,0,0,0,0,0,0
736,33,685,1850,0,1,0,0,0,0,1,0,0,0,0,0,0
737,103,690,1695,0,1,0,0,0,0,1,0,0,0,0,0,0
738,104,656,1625,0,1,0,0,0,0,1,0,0,0,0,0,0
739,32,675,1750,0,1,0,0,0,0,1,0,0,0,0,0,0
740,34,670,1700,0,1,0,0,0,0,1,0,0,0,0,0,0
741,105,624,1499,0,0,1,0,0,0,1,0,0,0,0,0,0
742,53,724,2200,0,0,1,0,0,0,1,0,0,0,0,0,0
743,54,625,1575,0,0,1,0,0,0,1,0,0,0,0,0,0
744,55,775,2700,0,0,1,0,0,0,1,0,0,0,0,0,0
745,106,655,1550,0,0,1,0,0,0,1,0,0,0,0,0,0
746,107,675,1750,0,0,1,0,0,0,1,0,0,0,0,0,0
747,83,734,2300,0,0,1,0,0,0,1,0,0,0,0,0,0
748,83,790,2784,0,0,1,0,0,0,1,0,0,0,0,0,0
749,108,612,1487,0,0,1,0,0,0,1,0,0,0,0,0,0
750,84,724,2290,0,0,1,0,0,0,1,0,0,0,0,0,0
751,85,754,2500,0,0,1,0,0,0,1,0,0,0,0,0,0
752,74,760,2500,0,0,1,0,0,0,1,0,0,0,0,0,0
753,75,780,2775,0,0,1,0,0,0,1,0,0,0,0,0,0
754,109,760,2575,0,0,1,0,0,0,1,0,0,0,0,0,0
755,110,600,1512,0,0,0,1,0,0,1,0,0,0,0,0,0
756,111,700,2100,0,0,1,0,0,0,1,0,0,0,0,0,0
757,76,724,2150,0,0,1,0,0,0,1,0,0,0,0,0,0
758,77,850,3747,0,0,1,0,0,0,1,0,0,0,0,0,0
759,78,650,1700,0,0,1,0,0,0,1,0,0,0,0,0,0
760,79,850,3369,0,0,1,0,0,0,1,0,0,0,0,0,0
761,112,624,1500,0,0,1,0,0,0,1,0,0,0,0,0,0
762,80,700,2200,0,0,1,0,0,0,1,0,0,0,0,0,0
763,81,670,1750,0,0,1,0,0,0,1,0,0,0,0,0,0
764,113,640,1680,0,0,1,0,0,0,1,0,0,0,0,0,0
765,73,670,1775,0,0,1,0,0,0,1,0,0,0,0,0,0
766,70,750,2769,0,0,1,0,0,0,1,0,0,0,0,0,0
767,71,724,2725,0,0,1,0,0,0,1,0,0,0,0,0,0
768,67,624,1650,0,0,1,0,0,0,1,0,0,0,0,0,0
769,68,750,2425,0,0,1,0,0,0,1,0,0,0,0,0,0
770,69,725,2199,0,0,1,0,0,0,1,0,0,0,0,0,0
771,72,625,1750,0,0,1,0,0,0,1,0,0,0,0,0,0
772,66,645,1700,0,0,1,0,0,0,1,0,0,0,0,0,0
773,63,760,2850,0,0,1,0,0,0,1,0,0,0,0,0,0
774,65,750,2650,0,0,1,0,0,0,1,0,0,0,0,0,0
775,114,625,1700,0,0,1,0,0,0,1,0,0,0,0,0,0
776,58,740,2600,0,0,1,0,0,0,1,0,0,0,0,0,0
777,59,760,2500,0,0,1,0,0,0,1,0,0,0,0,0,0
778,60,675,1950,0,0,1,0,0,0,1,0,0,0,0,0,0
779,61,725,2350,0,0,1,0,0,0,1,0,0,0,0,0,0
780,62,650,1795,0,0,1,0,0,0,1,0,0,0,0,0,0
781,57,740,2400,0,0,1,0,0,0,1,0,0,0,0,0,0
782,56,660,1662,0,0,1,0,0,0,1,0,0,0,0,0,0
783,64,640,1700,0,0,1,0,0,0,1,0,0,0,0,0,0
784,51,650,1719,0,0,1,0,0,0,1,0,0,0,0,0,0
785,49,760,2700,0,0,1,0,0,0,1,0,0,0,0,0,0
786,50,724,2137,0,0,1,0,0,0,1,0,0,0,0,0,0
787,115,650,1500,0,0,0,1,0,0,1,0,0,0,0,0,0
788,87,675,1875,0,0,0,1,0,0,1,0,0,0,0,0,0
789,116,680,1537,0,0,0,1,0,0,1,0,0,0,0,0,0
790,117,725,2500,0,0,0,1,0,0,1,0,0,0,0,0,0
791,118,700,2000,0,0,0,1,0,0,1,0,0,0,0,0,0
792,119,712,2200,0,0,0,1,0,0,1,0,0,0,0,0,0
793,120,612,1500,0,0,0,1,0,0,1,0,0,0,0,0,0
794,121,660,1600,0,0,0,1,0,0,1,0,0,0,0,0,0
795,122,670,1650,0,0,0,1,0,0,1,0,0,0,0,0,0
796,123,712,2000,0,0,0,1,0,0,1,0,0,0,0,0,0
797,124,680,1575,0,0,0,1,0,0,1,0,0,0,0,0,0
798,125,660,1400,0,0,0,1,0,0,1,0,0,0,0,0,0
799,126,690,1675,0,0,0,1,0,0,1,0,0,0,0,0,0
800,127,650,1625,0,0,0,1,0,0,1,0,0,0,0,0,0
801,128,670,1550,0,0,0,1,0,0,1,0,0,0,0,0,0
802,129,660,1472,0,0,0,1,0,0,1,0,0,0,0,0,0
803,130,664,1575,0,0,0,1,0,0,1,0,0,0,0,0,0
804,131,684,1878,0,0,0,0,1,0,1,0,0,0,0,0,0
805,132,690,1950,0,0,0,0,1,0,1,0,0,0,0,0,0
806,133,700,1878,0,0,0,0,1,0,1,0,0,0,0,0,0
807,134,712,1950,0,0,0,0,1,0,1,0,0,0,0,0,0
808,131,724,1948,0,0,0,0,1,0,1,0,0,0,0,0,0
809,132,740,1950,0,0,0,0,1,0,1,0,0,0,0,0,0
810,133,690,1632,0,0,0,0,1,0,1,0,0,0,0,0,0
811,134,724,1800,0,0,0,0,1,0,1,0,0,0,0,0,0
812,131,690,1744,0,0,0,0,1,0,1,0,0,0,0,0,0
813,132,736,1999,0,0,0,0,1,0,1,0,0,0,0,0,0
814,133,700,1843,0,0,0,0,1,0,1,0,0,0,0,0,0
815,134,712,1950,0,0,0,0,1,0,1,0,0,0,0,0,0
816,0,1150,4450,1,0,0,0,0,0,0,1,0,0,0,0,0
817,1,1175,4770,1,0,0,0,0,0,0,1,0,0,0,0,0
818,2,1075,3600,1,0,0,0,0,0,0,1,0,0,0,0,0
819,3,950,2475,1,0,0,0,0,0,0,1,0,0,0,0,0
820,4,1150,4581,1,0,0,0,0,0,0,1,0,0,0,0,0
821,5,1200,6453,1,0,0,0,0,0,0,1,0,0,0,0,0
822,7,999,2795,1,0,0,0,0,0,0,1,0,0,0,0,0
823,8,1200,11077,1,0,0,0,0,0,0,1,0,0,0,0,0
824,6,1100,6280,1,0,0,0,0,0,0,1,0,0,0,0,0
825,89,1012,2900,1,0,0,0,0,0,0,1,0,0,0,0,0
826,9,950,2500,1,0,0,0,0,0,0,1,0,0,0,0,0
827,10,1150,3590,1,0,0,0,0,0,0,1,0,0,0,0,0
828,12,1275,5360,1,0,0,0,0,0,0,1,0,0,0,0,0
829,11,1250,7064,1,0,0,0,0,0,0,1,0,0,0,0,0
830,13,1075,4400,1,0,0,0,0,0,0,1,0,0,0,0,0
831,15,1125,5447,1,0,0,0,0,0,0,1,0,0,0,0,0
832,90,825,2250,1,0,0,0,0,0,0,1,0,0,0,0,0
833,14,850,2400,1,0,0,0,0,0,0,1,0,0,0,0,0
834,16,875,3300,1,0,0,0,0,0,0,1,0,0,0,0,0
835,17,899,3450,1,0,0,0,0,0,0,1,0,0,0,0,0
836,1,975,3800,1,0,0,0,0,0,0,1,0,0,0,0,0
837,19,912,2922,1,0,0,0,0,0,0,1,0,0,0,0,0
838,1,1240,5900,1,0,0,0,0,0,0,1,0,0,0,0,0
839,20,1112,4220,1,0,0,0,0,0,0,1,0,0,0,0,0
840,21,1222,5487,1,0,0,0,0,0,0,1,0,0,0,0,0
841,22,1212,4945,1,0,0,0,0,0,0,1,0,0,0,0,0
842,23,1000,3000,1,0,0,0,0,0,0,1,0,0,0,0,0
843,1,975,2892,1,0,0,0,0,0,0,1,0,0,0,0,0
844,25,1012,4300,1,0,0,0,0,0,0,1,0,0,0,0,0
845,26,1060,3798,1,0,0,0,0,0,0,1,0,0,0,0,0
846,27,1102,7250,1,0,0,0,0,0,0,1,0,0,0,0,0
847,91,1012,3703,1,0,0,0,0,0,0,1,0,0,0,0,0
848,28,1124,7850,1,0,0,0,0,0,0,1,0,0,0,0,0
849,2,999,3600,1,0,0,0,0,0,0,1,0,0,0,0,0
850,4,1050,4581,1,0,0,0,0,0,0,1,0,0,0,0,0
851,29,800,2300,1,0,0,0,0,0,0,1,0,0,0,0,0
852,92,812,2383,1,0,0,0,0,0,0,1,0,0,0,0,0
853,30,1040,4600,1,0,0,0,0,0,0,1,0,0,0,0,0
854,31,975,2300,0,1,0,0,0,0,0,1,0,0,0,0,0
855,94,950,2275,0,1,0,0,0,0,0,1,0,0,0,0,0
856,48,850,1999,0,1,0,0,0,0,0,1,0,0,0,0,0
857,45,925,2250,0,1,0,0,0,0,0,1,0,0,0,0,0
858,47,945,2342,0,1,0,0,0,0,0,1,0,0,0,0,0
859,42,960,2300,0,1,0,0,0,0,0,1,0,0,0,0,0
860,43,920,2174,0,1,0,0,0,0,0,1,0,0,0,0,0
861,44,1012,2500,0,1,0,0,0,0,0,1,0,0,0,0,0
862,95,890,1975,0,1,0,0,0,0,0,1,0,0,0,0,0
863,40,975,2362,0,1,0,0,0,0,0,1,0,0,0,0,0
864,96,1075,2575,0,1,0,0,0,0,0,1,0,0,0,0,0
865,38,1024,2100,0,1,0,0,0,0,0,1,0,0,0,0,0
866,97,1100,2075,0,1,0,0,0,0,0,1,0,0,0,0,0
867,39,1124,4231,0,1,0,0,0,0,0,1,0,0,0,0,0
868,98,912,1998,0,1,0,0,0,0,0,1,0,0,0,0,0
869,135,924,2200,0,1,0,0,0,0,0,1,0,0,0,0,0
870,37,899,2100,0,1,0,0,0,0,0,1,0,0,0,0,0
871,46,912,2400,0,1,0,0,0,0,0,1,0,0,0,0,0
872,37,924,2300,0,1,0,0,0,0,0,1,0,0,0,0,0
873,35,936,2400,0,1,0,0,0,0,0,1,0,0,0,0,0
874,101,950,2200,0,1,0,0,0,0,0,1,0,0,0,0,0
875,102,1124,2150,0,1,0,0,0,0,0,1,0,0,0,0,0
876,34,1000,2300,0,1,0,0,0,0,0,1,0,0,0,0,0
877,33,1050,2300,0,1,0,0,0,0,0,1,0,0,0,0,0
878,32,899,2200,0,1,0,0,0,0,0,1,0,0,0,0,0
879,103,1024,2150,0,1,0,0,0,0,0,1,0,0,0,0,0
880,53,899,2520,0,0,1,0,0,0,0,1,0,0,0,0,0
881,54,875,1899,0,0,1,0,0,0,0,1,0,0,0,0,0
882,55,1112,3900,0,0,1,0,0,0,0,1,0,0,0,0,0
883,106,850,1800,0,0,1,0,0,0,0,1,0,0,0,0,0
884,111,925,2395,0,0,1,0,0,0,0,1,0,0,0,0,0
885,107,950,2472,0,0,1,0,0,0,0,1,0,0,0,0,0
886,82,1012,2600,0,0,1,0,0,0,0,1,0,0,0,0,0
887,83,1120,4699,0,0,1,0,0,0,0,1,0,0,0,0,0
888,108,850,1825,0,0,1,0,0,0,0,1,0,0,0,0,0
889,84,925,2449,0,0,1,0,0,0,0,1,0,0,0,0,0
890,136,875,1899,0,0,1,0,0,0,0,1,0,0,0,0,0
891,85,925,3399,0,0,1,0,0,0,0,1,0,0,0,0,0
892,74,934,3200,0,0,1,0,0,0,0,1,0,0,0,0,0
893,75,944,3800,0,0,1,0,0,0,0,1,0,0,0,0,0
894,137,968,2999,0,0,1,0,0,0,0,1,0,0,0,0,0
895,76,975,2449,0,0,1,0,0,0,0,1,0,0,0,0,0
896,77,1200,5382,0,0,1,0,0,0,0,1,0,0,0,0,0
897,78,1012,2299,0,0,1,0,0,0,0,1,0,0,0,0,0
898,79,1150,4540,0,0,1,0,0,0,0,1,0,0,0,0,0
899,112,950,1925,0,0,1,0,0,0,0,1,0,0,0,0,0
900,80,1012,2475,0,0,1,0,0,0,0,1,0,0,0,0,0
901,81,950,2150,0,0,1,0,0,0,0,1,0,0,0,0,0
902,113,920,1957,0,0,1,0,0,0,0,1,0,0,0,0,0
903,70,1075,3400,0,0,1,0,0,0,0,1,0,0,0,0,0
904,73,925,2200,0,0,1,0,0,0,0,1,0,0,0,0,0
905,71,1012,2825,0,0,1,0,0,0,0,1,0,0,0,0,0
906,67,975,1995,0,0,1,0,0,0,0,1,0,0,0,0,0
907,68,1090,2950,0,0,1,0,0,0,0,1,0,0,0,0,0
908,69,1000,2477,0,0,1,0,0,0,0,1,0,0,0,0,0
909,86,875,1850,0,0,0,1,0,0,0,1,0,0,0,0,0
910,66,912,2000,0,0,1,0,0,0,0,1,0,0,0,0,0
911,65,1025,3000,0,0,1,0,0,0,0,1,0,0,0,0,0
912,63,1112,3505,0,0,1,0,0,0,0,1,0,0,0,0,0
913,114,999,2197,0,0,1,0,0,0,0,1,0,0,0,0,0
914,58,1099,3200,0,0,1,0,0,0,0,1,0,0,0,0,0
915,59,1114,3300,0,0,1,0,0,0,0,1,0,0,0,0,0
916,60,925,2426,0,0,1,0,0,0,0,1,0,0,0,0,0
917,61,975,2910,0,0,1,0,0,0,0,1,0,0,0,0,0
918,62,925,2337,0,0,1,0,0,0,0,1,0,0,0,0,0
919,51,910,1997,0,0,1,0,0,0,0,1,0,0,0,0,0
920,57,1012,2700,0,0,1,0,0,0,0,1,0,0,0,0,0
921,56,950,2150,0,0,1,0,0,0,0,1,0,0,0,0,0
922,64,950,2195,0,0,1,0,0,0,0,1,0,0,0,0,0
923,105,924,1800,0,0,1,0,0,0,0,1,0,0,0,0,0
924,52,975,2200,0,0,1,0,0,0,0,1,0,0,0,0,0
925,72,970,2300,0,0,1,0,0,0,0,1,0,0,0,0,0
926,49,1060,3000,0,0,1,0,0,0,0,1,0,0,0,0,0
927,50,1002,2899,0,0,1,0,0,0,0,1,0,0,0,0,0
928,124,960,1950,0,0,0,1,0,0,0,1,0,0,0,0,0
929,124,960,1950,0,0,0,1,0,0,0,1,0,0,0,0,0
930,124,960,1950,0,0,0,1,0,0,0,1,0,0,0,0,0
931,124,960,1950,0,0,0,1,0,0,0,1,0,0,0,0,0
932,122,960,2025,0,0,0,1,0,0,0,1,0,0,0,0,0
933,123,940,2237,0,0,0,1,0,0,0,1,0,0,0,0,0
934,120,920,1950,0,0,0,1,0,0,0,1,0,0,0,0,0
935,116,900,1850,0,0,0,1,0,0,0,1,0,0,0,0,0
936,118,875,1787,0,0,0,1,0,0,0,1,0,0,0,0,0
937,87,999,2383,0,0,0,1,0,0,0,1,0,0,0,0,0
938,120,924,1950,0,0,0,1,0,0,0,1,0,0,0,0,0
939,116,912,1850,0,0,0,1,0,0,0,1,0,0,0,0,0
940,118,899,1787,0,0,0,1,0,0,0,1,0,0,0,0,0
941,87,964,2383,0,0,0,1,0,0,0,1,0,0,0,0,0
942,138,1000,2250,0,0,0,0,1,0,0,1,0,0,0,0,0
943,139,940,2350,0,0,0,0,1,0,0,1,0,0,0,0,0
944,133,950,2400,0,0,0,0,1,0,0,1,0,0,0,0,0
945,140,910,2350,0,0,0,0,1,0,0,1,0,0,0,0,0
946,141,920,2350,0,0,0,0,1,0,0,1,0,0,0,0,0
947,138,950,2250,0,0,0,0,1,0,0,1,0,0,0,0,0
948,139,1000,2350,0,0,0,0,1,0,0,1,0,0,0,0,0
949,133,940,2400,0,0,0,0,1,0,0,1,0,0,0,0,0
950,140,950,2350,0,0,0,0,1,0,0,1,0,0,0,0,0
951,141,910,2350,0,0,0,0,1,0,0,1,0,0,0,0,0
952,138,920,2250,0,0,0,0,1,0,0,1,0,0,0,0,0
953,139,950,2350,0,0,0,0,1,0,0,1,0,0,0,0,0
954,133,922,2400,0,0,0,0,1,0,0,1,0,0,0,0,0
955,140,944,2350,0,0,0,0,1,0,0,1,0,0,0,0,0
956,141,984,2350,0,0,0,0,1,0,0,1,0,0,0,0,0
